{
  "intercept": -0.11361028981195394,
  "weights": {
    "holding_days": 0.2848254861767397,
    "unrealized_r": 0.35783262636239366,
    "unrealized_pct": -0.12404192920548998,
    "return_from_entry": -0.0815289920663406,
    "return_from_high": -0.2558147877193154,
    "return_last_5d": -0.025392218691613296,
    "return_last_3d": 0.09486502168654568,
    "return_last_1d": 0.03951999811694997,
    "atr_percent": -0.17178799829261066,
    "daily_range_percent": 0.0043889783278760796,
    "rsi_14": -0.009239138238765734,
    "price_vs_20sma": -0.05107478793571152,
    "price_vs_50sma": 0.3994188003241965,
    "volume_vs_avg": 0.005978143520070118,
    "spy_return_5d": 0.129963296517601,
    "spy_return_10d": 0.026492178735826783,
    "day_of_week": 0.011123591163608611,
    "is_month_end": -0.19439395073095656,
    "in_profit": -0.14195783711852275,
    "above_1r": -0.17599639972229378,
    "above_15r": 0.13709389594534985,
    "above_2r": -0.37808693672847865
  },
  "featureMeans": {
    "holding_days": 15.5,
    "unrealized_r": 0.41526299380762194,
    "unrealized_pct": 3.2043081210140754,
    "return_from_entry": 3.2043081210140754,
    "return_from_high": -5.985426062662227,
    "return_last_5d": 0.6689298704310125,
    "return_last_3d": 0.3840346721449237,
    "return_last_1d": 0.1227679427312719,
    "atr_percent": 3.439460437449291,
    "daily_range_percent": 3.146013722929339,
    "rsi_14": 53.55111395882431,
    "price_vs_20sma": 1.047417374510557,
    "price_vs_50sma": 1.7408327988661492,
    "volume_vs_avg": 1,
    "spy_return_5d": 0.4886239490597941,
    "spy_return_10d": 1.0696226126167094,
    "day_of_week": 3.0161290322580645,
    "is_month_end": 0.23225806451612904,
    "in_profit": 0.600268817204301,
    "above_1r": 0.3271505376344086,
    "above_15r": 0.2349462365591398,
    "above_2r": 0.17204301075268819
  },
  "featureStds": {
    "holding_days": 8.65544144839919,
    "unrealized_r": 2.009208676834412,
    "unrealized_pct": 12.430624233388691,
    "return_from_entry": 12.430624233388691,
    "return_from_high": 6.620546742489495,
    "return_last_5d": 6.553466862727524,
    "return_last_3d": 5.0507973463150275,
    "return_last_1d": 2.834364491421544,
    "atr_percent": 2.237112056787139,
    "daily_range_percent": 2.5256461081950476,
    "rsi_14": 16.47157689146443,
    "price_vs_20sma": 6.943178842220632,
    "price_vs_50sma": 10.668687420250038,
    "volume_vs_avg": 1,
    "spy_return_5d": 1.9656815069331732,
    "spy_return_10d": 2.5138074201785647,
    "day_of_week": 1.4005598206816396,
    "is_month_end": 0.4222727270181481,
    "in_profit": 0.4898429996401411,
    "above_1r": 0.4691727436242611,
    "above_15r": 0.42396521376858215,
    "above_2r": 0.3774178231136281
  },
  "version": "politician-exit-v1.0",
  "trainedAt": "2026-01-16T01:02:19.677Z",
  "trainingSamples": 3720,
  "validationAccuracy": 59.48924731182795,
  "metrics": {
    "precision": 14.009962640099626,
    "recall": 64.1025641025641,
    "f1": 22.994379151762903,
    "auc": 65.04724236988974
  }
}